epoch,time,train/box_loss,train/cls_loss,train/dfl_loss,metrics/precision(B),metrics/recall(B),metrics/mAP50(B),metrics/mAP50-95(B),val/box_loss,val/cls_loss,val/dfl_loss,lr/pg0,lr/pg1,lr/pg2
1,3.01635,2.10107,4.02725,1.49032,0.003,0.86667,0.00333,0.0014,1.99356,3.7508,1.27907,0.09412,0.00012,0.00012
2,4.17287,1.88039,3.85988,1.45307,0.00276,0.8,0.00314,0.00154,1.81986,3.69461,1.24466,0.0872599,0.000259936,0.000259936
3,4.92787,1.72709,3.73899,1.28925,0.00277,0.8,0.00357,0.00196,1.49443,3.62999,1.13971,0.0803996,0.000399609,0.000399609
4,5.67992,1.59435,3.62991,1.29383,0.00279,0.8,0.00334,0.00204,1.23442,3.56744,1.06012,0.0735388,0.000538814,0.000538814
5,6.39792,1.6862,3.56279,1.35003,0.00315,0.93333,0.00408,0.00264,1.15873,3.56853,1.04031,0.0666773,0.000677346,0.000677346
6,7.15492,1.56823,3.4419,1.1971,0.00311,0.93333,0.00453,0.00285,1.11573,3.54241,1.01118,0.059815,0.000815003,0.000815003
7,7.88981,1.43368,3.25626,1.24642,0.00333,1,0.00485,0.00299,1.0804,3.54948,1.00993,0.0529516,0.000951583,0.000951583
8,8.64081,1.40756,3.05733,1.18794,0.00333,1,0.00534,0.00306,1.03652,3.5347,1.02828,0.0460869,0.00108689,0.00108689
9,9.37881,1.41099,2.71516,1.12175,0.00333,1,0.00767,0.0039,1.08419,3.43185,1.03531,0.0392207,0.00122072,0.00122072
10,10.0833,1.48697,2.43335,1.21546,0.00333,1,0.01068,0.00658,1.17879,3.32283,1.06461,0.0323529,0.00135288,0.00135288
11,10.8143,1.42107,1.98485,1.15743,0.02186,1,0.76204,0.42897,1.29324,2.71453,1.15155,0.0254832,0.00148317,0.00148317
12,11.5443,1.50265,1.96288,1.29817,1,0.65221,0.97333,0.57118,1.33596,2.16342,1.21114,0.0186114,0.00161142,0.00161142
13,12.2816,1.49076,1.78322,1.21276,0.93324,0.86667,0.98327,0.59333,1.3771,1.71215,1.2141,0.0117374,0.00173743,0.00173743
14,13.1026,1.49796,1.88986,1.27491,0.93324,0.86667,0.98327,0.59333,1.3771,1.71215,1.2141,0.00486102,0.00186102,0.00186102
15,13.8186,1.35277,1.48546,1.12644,0.82419,0.93786,0.96405,0.54899,1.42829,1.52489,1.27221,0.00190578,0.00190578,0.00190578
16,14.5366,1.3824,1.64737,1.16487,0.98426,0.8,0.9575,0.59178,1.33721,1.4016,1.18663,0.0018921,0.0018921,0.0018921
17,15.2486,1.39458,1.69172,1.14923,0.98603,0.8,0.95511,0.57559,1.36048,1.41503,1.24013,0.00187754,0.00187754,0.00187754
18,15.9466,1.43018,1.55547,1.21904,1,0.85234,0.97362,0.57301,1.41685,1.37836,1.21287,0.00186213,0.00186213,0.00186213
19,16.6528,1.42695,1.49572,1.1807,0.92181,0.93333,0.97533,0.60611,1.30698,1.41992,1.1948,0.00184588,0.00184588,0.00184588
20,17.3648,1.36331,1.5344,1.12309,0.9089,0.93333,0.97861,0.60519,1.34485,1.35043,1.18508,0.00182881,0.00182881,0.00182881
21,18.0638,1.22691,1.44024,1.14722,0.94608,0.93333,0.99125,0.61118,1.28971,1.28624,1.18858,0.00181093,0.00181093,0.00181093
22,18.7597,1.33933,1.52007,1.16317,0.94608,0.93333,0.99125,0.61118,1.28971,1.28624,1.18858,0.00179225,0.00179225,0.00179225
23,19.4657,1.37857,1.494,1.18877,0.98013,1,0.995,0.61492,1.2901,1.19861,1.15245,0.00177281,0.00177281,0.00177281
24,20.1707,1.5706,1.60985,1.23303,0.98949,1,0.995,0.57442,1.40174,1.22242,1.21042,0.00175261,0.00175261,0.00175261
25,20.8741,1.30712,1.3671,1.11288,0.9895,1,0.995,0.63854,1.22732,1.17861,1.15678,0.00173168,0.00173168,0.00173168
26,21.5841,1.38513,1.45347,1.27281,0.98811,1,0.995,0.59233,1.27707,1.22199,1.14846,0.00171004,0.00171004,0.00171004
27,22.2851,1.27311,1.37466,1.14855,0.99358,1,0.995,0.55893,1.36095,1.18555,1.1653,0.0016877,0.0016877,0.0016877
28,23.0916,1.34046,1.46383,1.19201,0.99759,1,0.995,0.58288,1.34105,1.16294,1.16304,0.0016647,0.0016647,0.0016647
29,23.7976,1.15789,1.44122,1.12473,1,0.99967,0.995,0.588,1.33428,1.14332,1.17917,0.00164105,0.00164105,0.00164105
30,24.4936,1.34914,1.42699,1.12807,1,0.99967,0.995,0.588,1.33428,1.14332,1.17917,0.00161678,0.00161678,0.00161678
31,25.2185,1.23152,1.4,1.12511,0.99515,1,0.995,0.59523,1.3672,1.15984,1.155,0.00159191,0.00159191,0.00159191
32,25.9151,1.20266,1.2615,1.12262,1,0.98682,0.995,0.60151,1.40034,1.19034,1.17891,0.00156646,0.00156646,0.00156646
33,26.6191,1.28708,1.32083,1.13109,1,0.98953,0.995,0.6225,1.34677,1.16519,1.15621,0.00154047,0.00154047,0.00154047
34,27.3231,1.18833,1.21428,1.11439,1,0.99264,0.995,0.60154,1.41412,1.15572,1.1788,0.00151395,0.00151395,0.00151395
35,28.0283,1.29187,1.29154,1.11911,0.99083,1,0.995,0.62016,1.37078,1.13951,1.18205,0.00148694,0.00148694,0.00148694
36,28.7303,1.15655,1.16234,1.09888,0.99582,1,0.995,0.59436,1.34217,1.16675,1.19115,0.00145945,0.00145945,0.00145945
37,29.4453,1.16404,1.2657,1.09818,0.99398,1,0.995,0.59659,1.37163,1.21788,1.1701,0.00143152,0.00143152,0.00143152
38,30.2332,1.21592,1.1936,1.08985,0.99398,1,0.995,0.59659,1.37163,1.21788,1.1701,0.00140318,0.00140318,0.00140318
39,30.9272,1.24862,1.25881,1.15984,0.99409,1,0.995,0.61168,1.34977,1.16488,1.16138,0.00137444,0.00137444,0.00137444
40,31.6302,1.29213,1.37119,1.13395,0.9949,1,0.995,0.61886,1.32123,1.14344,1.1457,0.00134535,0.00134535,0.00134535
41,32.35,1.22097,1.14778,1.07495,0.99475,1,0.995,0.61454,1.31043,1.09294,1.17343,0.00131593,0.00131593,0.00131593
42,33.054,1.10354,1.15086,1.08369,0.9953,1,0.995,0.62636,1.32829,1.07372,1.17206,0.0012862,0.0012862,0.0012862
43,33.771,1.14422,1.26086,1.08924,0.99536,1,0.995,0.61451,1.28697,1.0615,1.16635,0.0012562,0.0012562,0.0012562
44,34.4809,1.16961,1.1264,1.05173,0.99599,1,0.995,0.63286,1.31149,1.03654,1.16724,0.00122596,0.00122596,0.00122596
45,35.1799,1.19982,1.20941,1.07411,0.99557,1,0.995,0.61044,1.38027,1.04779,1.18594,0.00119551,0.00119551,0.00119551
